<?xml version="1.0"?>

<!--
  - Licensed to the Apache Software Foundation (ASF) under one or more
  - contributor license agreements.  See the NOTICE file distributed with
  - this work for additional information regarding copyright ownership.
  - The ASF licenses this file to You under the Apache License, Version 2.0
  - (the "License"); you may not use this file except in compliance with
  - the License.  You may obtain a copy of the License at
  -
  -     http://www.apache.org/licenses/LICENSE-2.0
  -
  - Unless required by applicable law or agreed to in writing, software
  - distributed under the License is distributed on an "AS IS" BASIS,
  - WITHOUT WARRANTIES OR CONDITIONS OF ANY KIND, either express or implied.
  - See the License for the specific language governing permissions and
  - limitations under the License.
  -
  - CVS $Id: applet.xml 518156 2007-03-14 14:31:26Z vgritsenko $
  -->

<document>
  <properties>
    <author email="vgritsenko@apache.org">Vadim Gritsenko</author>
    <title>Jakarta Regexp Applet</title>
  </properties>

  <body>
    <section name="Regexp Applet">
      <p>
        This simple applet provides way for visual debugging and testing
        Jakarta Regexp package.
      </p>

      <p>
        <applet code="org.apache.regexp.REDemo" archive="jakarta-regexp.jar"
                width="520" height="380">
        </applet>
      </p>
    </section>
  </body>
</document>
