<?xml version="1.0" encoding="ISO-8859-1"?>

<!--
  - Licensed to the Apache Software Foundation (ASF) under one or more
  - contributor license agreements.  See the NOTICE file distributed with
  - this work for additional information regarding copyright ownership.
  - The ASF licenses this file to You under the Apache License, Version 2.0
  - (the "License"); you may not use this file except in compliance with
  - the License.  You may obtain a copy of the License at
  -
  -     http://www.apache.org/licenses/LICENSE-2.0
  -
  - Unless required by applicable law or agreed to in writing, software
  - distributed under the License is distributed on an "AS IS" BASIS,
  - WITHOUT WARRANTIES OR CONDITIONS OF ANY KIND, either express or implied.
  - See the License for the specific language governing permissions and
  - limitations under the License.
  -
  - CVS $Id: site.xml 518156 2007-03-14 14:31:26Z vgritsenko $
  -->

<site name="Jakarta Regexp"
      href="http://jakarta.apache.org/">

  <title>Jakarta Regexp</title>
  <!-- uncomment and put your project logo here!
    <logo href="/images/jakarta-logo.gif">The Jakarta Project</logo>
  -->
    
  <body>
    <navbar name="lhs">
    <menu name="Regexp">
      <item name="Front Page"            href="/index.html"/>
      <item name="Changes"               href="/changes.html"/>
      <item name="Applet"                href="/applet.html"/>
      <item name="Javadoc"               href="/site/../regexp/apidocs/"/>
      <item name="Download"              href="/site/downloads/downloads_regexp.cgi"/>
    </menu>

    <menu name="Get Involved">
      <item name="Overview"              href="/site/getinvolved.html"/>
      <item name="Source Repositories"   href="/site/cvsindex.html"/>
      <item name="Mailing Lists"         href="/site/mail.html"/>
    </menu>

    <menu name="Related Projects">
      <item name="ORO"                   href="/site/../oro/index.html"/>
    </menu>
    </navbar>
  </body>

</site>
